
- business_name: A-Cube S.r.l.
  ap: true
  smp: false
  registered_office: Viale Piave, 11 - 20129 Milano
  contact_point: Antonino Caccamo
  contact_info: antonino.caccamo@a-cube.io
- business_name: Able Tech S.r.l
  ap: true
  smp: false
  registered_office: Via dell'Artigianato, 9/a - 25018 Montichiari (BS)
  contact_point: Riccardo Zanardini
  contact_info: peppolap@abletech.it
- business_name: Aliquid S.r.l.
  ap: true
  smp: true
  registered_office: Viale Trento, 7/F - 22074 Lomazzo (CO)
  contact_point: Leonardo Montobbio
  contact_info: lmontobbio@aliquid.it
- business_name: Archiva S.r.l
  ap: true
  smp: true
  registered_office: Via Spagna, 24 - 37069 Villafranca di Verona
  contact_point: Archiva
  contact_info: peppol@archivagroup.it
- business_name: Archivium S.r.l
  ap: true
  smp: true
  registered_office: Corso Francia, 233/D - 10098 Rivoli (TO)
  contact_point: Giorgio Saglio
  contact_info: saglio@archivium.digital
- business_name: Consip S.p.A.
  ap: true
  smp: true
  registered_office: Via Isonzo 19/E - 00198 Rome
  contact_point: Luca Mastrogregori
  contact_info: luca.mastrogregori@consip.it
- business_name: CST S.r.l.
  ap: true
  smp: false
  registered_office: Via Ippolito Rosellini, 12 - 20124 Milano 
  contact_point: Segreteria CST
  contact_info: segreteria@csttech.it
- business_name: dEDIcated Italia S.r.l
  ap: true
  smp: false
  registered_office: Via della Crocerossa, 112 - 35129 Padova
  contact_point: Carlo Alberto Noventa
  contact_info: carlo.noventa@dedicated.world
- business_name: DocFlow Italia S.p.A.
  ap: true
  smp: false
  registered_office: Strada 4 Palazzo Q8 Centro Direzionale Milanofiori - 20089 Rozzano (MI)
  contact_point: Marco Faini
  contact_info: marco.faini@docflow.it
- business_name: DocuMi S.r.l.
  ap: true
  smp: true
  registered_office: Via Emanule Filiberto, 4 - 20149 Milano
  contact_point: Andrea Fumagalli
  contact_info: andrea.fumagalli@documi.it
- business_name: Doxee S.p.A.
  ap: true
  smp: true
  registered_office: Viale Virgilio 48/b - 41123 Modena
  contact_point: Giorgio Galli
  contact_info: peppolservice@doxee.com
- business_name: EDICOM S.r.l.
  ap: true
  smp: false
  registered_office: Viale Francesco restelli 3/1 - 20124 Milano
  contact_point: Juan Francisco Baldovi Ortells
  contact_info: jbaldovi@edicomgroup.com
- business_name: Enerj S.r.l.
  ap: true
  smp: true
  registered_office: Via Diaz, 4 - 37015 Sant'Ambrogio di Valpolicella (VR)
  contact_point: Mauro Recchia
  contact_info: peppol@enerj.it
- business_name: Engineering Ingegneria Informatica SPA
  ap: true
  smp: true
  registered_office: Piazzale dell’Agricoltura, 24 - 00144 Roma
  contact_point: Cosimo Nigro
  contact_info: cosimo.nigro@eng.it
- business_name: IN.TE.SA S.p.A.
  ap: true
  smp: false
  registered_office: Strada Pianezza, 289 - 10151 Torino
  contact_point: Piera Casalone
  contact_info: peppol_team@intesa.it
- business_name: Infocamere ScPA
  ap: true
  smp: true
  registered_office: Via G. B. Morgagni, 13 - 00161 Roma
  contact_point: Luigi Pallottini
  contact_info: luigi.pallottini@infocamere.it
- business_name: Infocert S.p.A.
  ap: true
  smp: false
  registered_office: Piazza Sallustio, 9 - 00187 Roma
  contact_point: Fabrizio Leoni
  contact_info: fabrizio.leoni@infocert.it
- business_name: Intercent-ER - Agenzia regionale per lo sviluppo dei mercati telematici
  ap: true
  smp: true
  registered_office: Via dei Mille, 21 - 40121 Bologna
  contact_point: Elisa Bertocchi
  contact_info: elisa.bertocchi@regione.emilia-romagna.it
- business_name: Intesi Group S.p.A.
  ap: true
  smp: true
  registered_office: Via Torino, 28 - 20123 Milano
  contact_point: Giuseppe Damiano
  contact_info: gdamiano@intesigroup.com
- business_name: Link Service S.r.l.
  ap: true
  smp: true
  registered_office: Via Lusitania, 4 - 00183 Roma
  contact_point: Alessandro Giosuè Sganga
  contact_info: alessandro.sganga@gmail.com
- business_name: Master Soft S.r.l.
  ap: true
  smp: true
  registered_office: Piazzale Lombardia, 10 - 28100 Novara
  contact_point: Marco Tacchini
  contact_info: peppol@mastersoft.it
- business_name: MX2 S.r.l.
  ap: true
  smp: true
  registered_office: Via Yser, 21 - 00198 Roma (RM)
  contact_point: Emiliano Minella
  contact_info: emiliano.minella@gmail.com
- business_name: Open Source Italia S.r.l.
  ap: true
  smp: false
  registered_office: Via del Molinuzzo, 93 - 59100 Prato
  contact_point: Paolo Bresci
  contact_info: paolo.bresci@ositalia.com
- business_name: S.A.T.A. Applicazione Tecnologie Avanzate S.r.l.
  ap: true
  smp: true
  registered_office: Via Notari, 103 - 41126 Modena
  contact_point: Paola Daniela Monari
  contact_info: p.monari@satanet.it
- business_name: Savino Solution S.r.l.
  ap: true
  smp: true
  registered_office: Piazza Flavio Gioia, 3 - 84122 Salerno
  contact_point: Nicola Savino
  contact_info: nicola.savino@savinosolution.com
- business_name: SB Italia S.r.l.
  ap: true
  smp: true
  registered_office: Viale Forlanini, 36 - 20024 Garbagnate Milanese (MI)
  contact_point: Marina Gallo
  contact_info: marina.gallo@sbitalia.com
- business_name: SIAV S.p.A.
  ap: true
  smp: true
  registered_office: Via Rossi, 5/N - 35030 Rubano (PD)
  contact_point: Roberto Pinelli
  contact_info: roberto.pinelli@siav.it
- business_name: Sicilia Digitale S.p.A.
  ap: true
  smp: true
  registered_office: Via Ammiraglio Thaon di Revel, 20 - 90142 Palermo
  contact_point: Carmine Canonico
  contact_info: protocollo@siciliaeservizi.it
- business_name: STDM S.r.l
  ap: true
  smp: true
  registered_office: Via U. Foscolo, 32/I - 37057 San Giovanni Lupatoto (VR)
  contact_point: Massimo Zanforlin
  contact_info: segreteria@stdm.net
- business_name: Tecmarket Servizi S.p.A.
  ap: true
  smp: false
  registered_office: Via Meucci, 5 - 37135 Verona
  contact_point: Marco Marsilio
  contact_info: marco.marsilio@tecmarket.it
- business_name: Tesi S.p.A.
  ap: true
  smp: true
  registered_office: Via Mendicità Istruita, 24 – 12042 Bra (CN)
  contact_point: Luca Del Santo
  contact_info: b2b@service.tesisquare.com
- business_name: Tickstar AB
  ap: true
  smp: true
  registered_office: Triewaldsgränd 2, 11129 Stoccolma, Svezia
  contact_point: Tickstar Support
  contact_info: support@tickstar.com
- business_name: Top Consult S.r.l.
  ap: true
  smp: true
  registered_office: Via Valeggio, 22/E - 10128 Torino
  contact_point: Pier Luigi Zaffagnini 
  contact_info: PLZaffagnini@topconsult.it
- business_name: Zucchetti S.p.A.
  ap: true
  smp: false
  registered_office: Via Solferino, 1 - 26900 Lodi
  contact_point: Paolo Camia
  contact_info: Paolo.Camia@Zucchetti.it
